--------------------------------------------------------
--  File created - Perþembe-Ocak-14-2021   
--------------------------------------------------------
--------------------------------------------------------
--  DDL for Table ISLEMLER
--------------------------------------------------------

  CREATE TABLE "SYSTEM"."ISLEMLER" 
   (	"LOGID" NUMBER GENERATED ALWAYS AS IDENTITY MINVALUE 1 MAXVALUE 9999999999999999999999999999 INCREMENT BY 1 START WITH 1 CACHE 20 NOORDER  NOCYCLE  NOKEEP  NOSCALE , 
	"LOGTYPE" VARCHAR2(20 BYTE), 
	"RELATEDTABLE" VARCHAR2(50 BYTE), 
	"RELATEDID" NUMBER, 
	"LOGTIME" TIMESTAMP (6) DEFAULT SYSDATE
   ) PCTFREE 10 PCTUSED 40 INITRANS 1 MAXTRANS 255 
 NOCOMPRESS LOGGING
  STORAGE(INITIAL 65536 NEXT 1048576 MINEXTENTS 1 MAXEXTENTS 2147483645
  PCTINCREASE 0 FREELISTS 1 FREELIST GROUPS 1
  BUFFER_POOL DEFAULT FLASH_CACHE DEFAULT CELL_FLASH_CACHE DEFAULT)
  TABLESPACE "SYSTEM" ;
--------------------------------------------------------
--  DDL for Table KATEGORI
--------------------------------------------------------

  CREATE TABLE "SYSTEM"."KATEGORI" 
   (	"KATEGORIID" NUMBER(13,0) GENERATED ALWAYS AS IDENTITY MINVALUE 1 MAXVALUE 9999999999999999999999999999 INCREMENT BY 1 START WITH 1 CACHE 20 NOORDER  NOCYCLE  NOKEEP  NOSCALE , 
	"KATEGORIADI" VARCHAR2(100 BYTE)
   ) PCTFREE 10 PCTUSED 40 INITRANS 1 MAXTRANS 255 
 NOCOMPRESS LOGGING
  STORAGE(INITIAL 65536 NEXT 1048576 MINEXTENTS 1 MAXEXTENTS 2147483645
  PCTINCREASE 0 FREELISTS 1 FREELIST GROUPS 1
  BUFFER_POOL DEFAULT FLASH_CACHE DEFAULT CELL_FLASH_CACHE DEFAULT)
  TABLESPACE "SYSTEM" ;
--------------------------------------------------------
--  DDL for Table KUSURLUURUNLER
--------------------------------------------------------

  CREATE TABLE "SYSTEM"."KUSURLUURUNLER" 
   (	"BARKODNO" NUMBER(13,0), 
	"URUNADI" VARCHAR2(100 BYTE), 
	"URUNGELISFIYATI" NUMBER(12,2), 
	"URUNSATISFIYATI" NUMBER(12,2), 
	"KATEGORIID" NUMBER, 
	"RENK" VARCHAR2(50 BYTE), 
	"BEDEN" VARCHAR2(20 BYTE), 
	"KUSURLUURUNSAYISI" NUMBER(13,0)
   ) PCTFREE 10 PCTUSED 40 INITRANS 1 MAXTRANS 255 
 NOCOMPRESS LOGGING
  STORAGE(INITIAL 65536 NEXT 1048576 MINEXTENTS 1 MAXEXTENTS 2147483645
  PCTINCREASE 0 FREELISTS 1 FREELIST GROUPS 1
  BUFFER_POOL DEFAULT FLASH_CACHE DEFAULT CELL_FLASH_CACHE DEFAULT)
  TABLESPACE "SYSTEM" ;
--------------------------------------------------------
--  DDL for Table MUSTERI
--------------------------------------------------------

  CREATE TABLE "SYSTEM"."MUSTERI" 
   (	"ID" NUMBER GENERATED ALWAYS AS IDENTITY MINVALUE 1 MAXVALUE 9999999999999999999999999999 INCREMENT BY 1 START WITH 1 CACHE 20 NOORDER  NOCYCLE  NOKEEP  NOSCALE , 
	"AD" VARCHAR2(50 BYTE), 
	"SOYAD" VARCHAR2(50 BYTE), 
	"TELEFON" NUMBER(13,0), 
	"ADRES" VARCHAR2(200 BYTE)
   ) PCTFREE 10 PCTUSED 40 INITRANS 1 MAXTRANS 255 
 NOCOMPRESS LOGGING
  STORAGE(INITIAL 65536 NEXT 1048576 MINEXTENTS 1 MAXEXTENTS 2147483645
  PCTINCREASE 0 FREELISTS 1 FREELIST GROUPS 1
  BUFFER_POOL DEFAULT FLASH_CACHE DEFAULT CELL_FLASH_CACHE DEFAULT)
  TABLESPACE "SYSTEM" ;
--------------------------------------------------------
--  DDL for Table PERSONEL
--------------------------------------------------------

  CREATE TABLE "SYSTEM"."PERSONEL" 
   (	"ID" NUMBER GENERATED ALWAYS AS IDENTITY MINVALUE 1 MAXVALUE 9999999999999999999999999999 INCREMENT BY 1 START WITH 1 CACHE 20 NOORDER  NOCYCLE  NOKEEP  NOSCALE , 
	"ADI" VARCHAR2(50 BYTE), 
	"SOYADI" VARCHAR2(50 BYTE), 
	"TELEFON" NUMBER(13,0), 
	"ADRES" VARCHAR2(200 BYTE), 
	"MAAS" NUMBER(8,2), 
	"KULLANICIADI" VARCHAR2(50 BYTE), 
	"SIFRE" VARCHAR2(50 BYTE)
   ) PCTFREE 10 PCTUSED 40 INITRANS 1 MAXTRANS 255 
 NOCOMPRESS LOGGING
  STORAGE(INITIAL 65536 NEXT 1048576 MINEXTENTS 1 MAXEXTENTS 2147483645
  PCTINCREASE 0 FREELISTS 1 FREELIST GROUPS 1
  BUFFER_POOL DEFAULT FLASH_CACHE DEFAULT CELL_FLASH_CACHE DEFAULT)
  TABLESPACE "SYSTEM" ;
--------------------------------------------------------
--  DDL for Table SATIS
--------------------------------------------------------

  CREATE TABLE "SYSTEM"."SATIS" 
   (	"SATISID" NUMBER(20,0) GENERATED ALWAYS AS IDENTITY MINVALUE 1 MAXVALUE 9999999999999999999999999999 INCREMENT BY 1 START WITH 1 CACHE 20 NOORDER  NOCYCLE  NOKEEP  NOSCALE , 
	"MUSTERIID" NUMBER(8,0), 
	"BARKODNO" NUMBER(13,0), 
	"PERSONELID" NUMBER(8,0), 
	"TARIH" DATE, 
	"NETKAR" NUMBER(13,2), 
	"ADET" NUMBER(2,0)
   ) PCTFREE 10 PCTUSED 40 INITRANS 1 MAXTRANS 255 
 NOCOMPRESS LOGGING
  STORAGE(INITIAL 65536 NEXT 1048576 MINEXTENTS 1 MAXEXTENTS 2147483645
  PCTINCREASE 0 FREELISTS 1 FREELIST GROUPS 1
  BUFFER_POOL DEFAULT FLASH_CACHE DEFAULT CELL_FLASH_CACHE DEFAULT)
  TABLESPACE "SYSTEM" ;
--------------------------------------------------------
--  DDL for Table URUNLER
--------------------------------------------------------

  CREATE TABLE "SYSTEM"."URUNLER" 
   (	"BARKODNO" NUMBER(13,0), 
	"URUNADI" VARCHAR2(100 BYTE), 
	"URUNGELISFIYATI" NUMBER(12,2), 
	"URUNSATISFIYATI" NUMBER(12,2), 
	"KATEGORIID" NUMBER, 
	"RENK" VARCHAR2(50 BYTE), 
	"BEDEN" VARCHAR2(20 BYTE), 
	"STOKSAYISI" NUMBER(13,0)
   ) PCTFREE 10 PCTUSED 40 INITRANS 1 MAXTRANS 255 
 NOCOMPRESS LOGGING
  STORAGE(INITIAL 65536 NEXT 1048576 MINEXTENTS 1 MAXEXTENTS 2147483645
  PCTINCREASE 0 FREELISTS 1 FREELIST GROUPS 1
  BUFFER_POOL DEFAULT FLASH_CACHE DEFAULT CELL_FLASH_CACHE DEFAULT)
  TABLESPACE "SYSTEM" ;
--------------------------------------------------------
--  DDL for Table YONETICI
--------------------------------------------------------

  CREATE TABLE "SYSTEM"."YONETICI" 
   (	"ID" NUMBER(*,0) GENERATED ALWAYS AS IDENTITY MINVALUE 1 MAXVALUE 9999999999999999999999999999 INCREMENT BY 1 START WITH 1 CACHE 20 NOORDER  NOCYCLE  NOKEEP  NOSCALE , 
	"ADI" VARCHAR2(50 BYTE), 
	"SOYADI" VARCHAR2(50 BYTE), 
	"TELEFON" NUMBER(13,0), 
	"ADRES" VARCHAR2(200 BYTE), 
	"MAAS" NUMBER(8,2), 
	"KULLANICIADI" VARCHAR2(50 BYTE), 
	"SIFRE" VARCHAR2(50 BYTE)
   ) PCTFREE 10 PCTUSED 40 INITRANS 1 MAXTRANS 255 
 NOCOMPRESS LOGGING
  STORAGE(INITIAL 65536 NEXT 1048576 MINEXTENTS 1 MAXEXTENTS 2147483645
  PCTINCREASE 0 FREELISTS 1 FREELIST GROUPS 1
  BUFFER_POOL DEFAULT FLASH_CACHE DEFAULT CELL_FLASH_CACHE DEFAULT)
  TABLESPACE "SYSTEM" ;
REM INSERTING into SYSTEM.ISLEMLER
SET DEFINE OFF;
Insert into SYSTEM.ISLEMLER (LOGID,LOGTYPE,RELATEDTABLE,RELATEDID,LOGTIME) values ('21','Güncelleme','URUNLER','1',to_timestamp('21/12/2020 15:28:52,000000000','DD/MM/RRRR HH24:MI:SSXFF'));
Insert into SYSTEM.ISLEMLER (LOGID,LOGTYPE,RELATEDTABLE,RELATEDID,LOGTIME) values ('2','Ekleme','SATIS','82',to_timestamp('21/12/2020 15:08:32,000000000','DD/MM/RRRR HH24:MI:SSXFF'));
Insert into SYSTEM.ISLEMLER (LOGID,LOGTYPE,RELATEDTABLE,RELATEDID,LOGTIME) values ('3','Güncelleme','URUNLER','1',to_timestamp('21/12/2020 15:08:32,000000000','DD/MM/RRRR HH24:MI:SSXFF'));
Insert into SYSTEM.ISLEMLER (LOGID,LOGTYPE,RELATEDTABLE,RELATEDID,LOGTIME) values ('4','Silme','SATIS','81',to_timestamp('21/12/2020 15:09:25,000000000','DD/MM/RRRR HH24:MI:SSXFF'));
Insert into SYSTEM.ISLEMLER (LOGID,LOGTYPE,RELATEDTABLE,RELATEDID,LOGTIME) values ('22','Güncelleme','URUNLER','1',to_timestamp('21/12/2020 15:29:43,000000000','DD/MM/RRRR HH24:MI:SSXFF'));
Insert into SYSTEM.ISLEMLER (LOGID,LOGTYPE,RELATEDTABLE,RELATEDID,LOGTIME) values ('23','Güncelleme','URUNLER','1',to_timestamp('21/12/2020 15:30:35,000000000','DD/MM/RRRR HH24:MI:SSXFF'));
Insert into SYSTEM.ISLEMLER (LOGID,LOGTYPE,RELATEDTABLE,RELATEDID,LOGTIME) values ('24','Güncelleme','URUNLER','2',to_timestamp('21/12/2020 15:30:41,000000000','DD/MM/RRRR HH24:MI:SSXFF'));
Insert into SYSTEM.ISLEMLER (LOGID,LOGTYPE,RELATEDTABLE,RELATEDID,LOGTIME) values ('41','Ekleme','MUSTERI','121',to_timestamp('23/12/2020 16:01:27,000000000','DD/MM/RRRR HH24:MI:SSXFF'));
Insert into SYSTEM.ISLEMLER (LOGID,LOGTYPE,RELATEDTABLE,RELATEDID,LOGTIME) values ('61','Güncelleme','MUSTERI','43',to_timestamp('23/12/2020 17:12:04,000000000','DD/MM/RRRR HH24:MI:SSXFF'));
Insert into SYSTEM.ISLEMLER (LOGID,LOGTYPE,RELATEDTABLE,RELATEDID,LOGTIME) values ('62','Güncelleme','MUSTERI','45',to_timestamp('23/12/2020 17:18:15,000000000','DD/MM/RRRR HH24:MI:SSXFF'));
Insert into SYSTEM.ISLEMLER (LOGID,LOGTYPE,RELATEDTABLE,RELATEDID,LOGTIME) values ('63','Güncelleme','MUSTERI','44',to_timestamp('23/12/2020 17:18:33,000000000','DD/MM/RRRR HH24:MI:SSXFF'));
Insert into SYSTEM.ISLEMLER (LOGID,LOGTYPE,RELATEDTABLE,RELATEDID,LOGTIME) values ('64','Güncelleme','MUSTERI','46',to_timestamp('23/12/2020 17:19:37,000000000','DD/MM/RRRR HH24:MI:SSXFF'));
Insert into SYSTEM.ISLEMLER (LOGID,LOGTYPE,RELATEDTABLE,RELATEDID,LOGTIME) values ('65','Güncelleme','MUSTERI','61',to_timestamp('23/12/2020 17:20:35,000000000','DD/MM/RRRR HH24:MI:SSXFF'));
Insert into SYSTEM.ISLEMLER (LOGID,LOGTYPE,RELATEDTABLE,RELATEDID,LOGTIME) values ('66','Güncelleme','MUSTERI','62',to_timestamp('23/12/2020 17:20:53,000000000','DD/MM/RRRR HH24:MI:SSXFF'));
Insert into SYSTEM.ISLEMLER (LOGID,LOGTYPE,RELATEDTABLE,RELATEDID,LOGTIME) values ('67','Silme','MUSTERI','101',to_timestamp('23/12/2020 17:21:03,000000000','DD/MM/RRRR HH24:MI:SSXFF'));
Insert into SYSTEM.ISLEMLER (LOGID,LOGTYPE,RELATEDTABLE,RELATEDID,LOGTIME) values ('68','Güncelleme','MUSTERI','121',to_timestamp('23/12/2020 17:21:33,000000000','DD/MM/RRRR HH24:MI:SSXFF'));
Insert into SYSTEM.ISLEMLER (LOGID,LOGTYPE,RELATEDTABLE,RELATEDID,LOGTIME) values ('81','Güncelleme','MUSTERI','121',to_timestamp('23/12/2020 17:24:51,000000000','DD/MM/RRRR HH24:MI:SSXFF'));
Insert into SYSTEM.ISLEMLER (LOGID,LOGTYPE,RELATEDTABLE,RELATEDID,LOGTIME) values ('82','Güncelleme','MUSTERI','121',to_timestamp('23/12/2020 17:24:56,000000000','DD/MM/RRRR HH24:MI:SSXFF'));
Insert into SYSTEM.ISLEMLER (LOGID,LOGTYPE,RELATEDTABLE,RELATEDID,LOGTIME) values ('101','Ekleme','MUSTERI','141',to_timestamp('26/12/2020 23:04:01,000000000','DD/MM/RRRR HH24:MI:SSXFF'));
Insert into SYSTEM.ISLEMLER (LOGID,LOGTYPE,RELATEDTABLE,RELATEDID,LOGTIME) values ('102','Ekleme','MUSTERI','142',to_timestamp('26/12/2020 23:04:56,000000000','DD/MM/RRRR HH24:MI:SSXFF'));
Insert into SYSTEM.ISLEMLER (LOGID,LOGTYPE,RELATEDTABLE,RELATEDID,LOGTIME) values ('121','Güncelleme','URUNLER','2',to_timestamp('28/12/2020 13:46:52,000000000','DD/MM/RRRR HH24:MI:SSXFF'));
Insert into SYSTEM.ISLEMLER (LOGID,LOGTYPE,RELATEDTABLE,RELATEDID,LOGTIME) values ('122','Güncelleme','URUNLER','1',to_timestamp('28/12/2020 13:47:30,000000000','DD/MM/RRRR HH24:MI:SSXFF'));
Insert into SYSTEM.ISLEMLER (LOGID,LOGTYPE,RELATEDTABLE,RELATEDID,LOGTIME) values ('142','Ekleme','URUNLER','3',to_timestamp('28/12/2020 13:56:12,000000000','DD/MM/RRRR HH24:MI:SSXFF'));
Insert into SYSTEM.ISLEMLER (LOGID,LOGTYPE,RELATEDTABLE,RELATEDID,LOGTIME) values ('163','Silme','URUNLER','3',to_timestamp('28/12/2020 14:37:00,000000000','DD/MM/RRRR HH24:MI:SSXFF'));
Insert into SYSTEM.ISLEMLER (LOGID,LOGTYPE,RELATEDTABLE,RELATEDID,LOGTIME) values ('164','Ekleme','URUNLER','3',to_timestamp('28/12/2020 14:38:26,000000000','DD/MM/RRRR HH24:MI:SSXFF'));
Insert into SYSTEM.ISLEMLER (LOGID,LOGTYPE,RELATEDTABLE,RELATEDID,LOGTIME) values ('181','Ekleme','URUNLER','4',to_timestamp('28/12/2020 14:46:24,000000000','DD/MM/RRRR HH24:MI:SSXFF'));
Insert into SYSTEM.ISLEMLER (LOGID,LOGTYPE,RELATEDTABLE,RELATEDID,LOGTIME) values ('182','Güncelleme','URUNLER','1',to_timestamp('28/12/2020 14:47:23,000000000','DD/MM/RRRR HH24:MI:SSXFF'));
Insert into SYSTEM.ISLEMLER (LOGID,LOGTYPE,RELATEDTABLE,RELATEDID,LOGTIME) values ('183','Ekleme','URUNLER','5',to_timestamp('28/12/2020 14:49:25,000000000','DD/MM/RRRR HH24:MI:SSXFF'));
Insert into SYSTEM.ISLEMLER (LOGID,LOGTYPE,RELATEDTABLE,RELATEDID,LOGTIME) values ('201','Güncelleme','URUNLER','2',to_timestamp('28/12/2020 14:53:12,000000000','DD/MM/RRRR HH24:MI:SSXFF'));
Insert into SYSTEM.ISLEMLER (LOGID,LOGTYPE,RELATEDTABLE,RELATEDID,LOGTIME) values ('202','Ekleme','URUNLER','6',to_timestamp('28/12/2020 14:54:15,000000000','DD/MM/RRRR HH24:MI:SSXFF'));
Insert into SYSTEM.ISLEMLER (LOGID,LOGTYPE,RELATEDTABLE,RELATEDID,LOGTIME) values ('203','Ekleme','URUNLER','7',to_timestamp('28/12/2020 14:56:40,000000000','DD/MM/RRRR HH24:MI:SSXFF'));
Insert into SYSTEM.ISLEMLER (LOGID,LOGTYPE,RELATEDTABLE,RELATEDID,LOGTIME) values ('204','Ekleme','URUNLER','8',to_timestamp('28/12/2020 14:58:00,000000000','DD/MM/RRRR HH24:MI:SSXFF'));
Insert into SYSTEM.ISLEMLER (LOGID,LOGTYPE,RELATEDTABLE,RELATEDID,LOGTIME) values ('205','Ekleme','URUNLER','9',to_timestamp('28/12/2020 14:59:51,000000000','DD/MM/RRRR HH24:MI:SSXFF'));
Insert into SYSTEM.ISLEMLER (LOGID,LOGTYPE,RELATEDTABLE,RELATEDID,LOGTIME) values ('206','Güncelleme','URUNLER','8',to_timestamp('28/12/2020 15:00:29,000000000','DD/MM/RRRR HH24:MI:SSXFF'));
Insert into SYSTEM.ISLEMLER (LOGID,LOGTYPE,RELATEDTABLE,RELATEDID,LOGTIME) values ('221','Güncelleme','URUNLER','1',to_timestamp('28/12/2020 15:34:48,000000000','DD/MM/RRRR HH24:MI:SSXFF'));
Insert into SYSTEM.ISLEMLER (LOGID,LOGTYPE,RELATEDTABLE,RELATEDID,LOGTIME) values ('222','Silme','SATIS','82',to_timestamp('28/12/2020 15:34:48,000000000','DD/MM/RRRR HH24:MI:SSXFF'));
Insert into SYSTEM.ISLEMLER (LOGID,LOGTYPE,RELATEDTABLE,RELATEDID,LOGTIME) values ('223','Güncelleme','URUNLER','2',to_timestamp('28/12/2020 15:34:54,000000000','DD/MM/RRRR HH24:MI:SSXFF'));
Insert into SYSTEM.ISLEMLER (LOGID,LOGTYPE,RELATEDTABLE,RELATEDID,LOGTIME) values ('224','Silme','SATIS','47',to_timestamp('28/12/2020 15:34:54,000000000','DD/MM/RRRR HH24:MI:SSXFF'));
Insert into SYSTEM.ISLEMLER (LOGID,LOGTYPE,RELATEDTABLE,RELATEDID,LOGTIME) values ('225','Ekleme','SATIS','101',to_timestamp('28/12/2020 15:35:13,000000000','DD/MM/RRRR HH24:MI:SSXFF'));
Insert into SYSTEM.ISLEMLER (LOGID,LOGTYPE,RELATEDTABLE,RELATEDID,LOGTIME) values ('226','Güncelleme','URUNLER','1',to_timestamp('28/12/2020 15:35:13,000000000','DD/MM/RRRR HH24:MI:SSXFF'));
Insert into SYSTEM.ISLEMLER (LOGID,LOGTYPE,RELATEDTABLE,RELATEDID,LOGTIME) values ('227','Ekleme','SATIS','102',to_timestamp('28/12/2020 15:35:50,000000000','DD/MM/RRRR HH24:MI:SSXFF'));
Insert into SYSTEM.ISLEMLER (LOGID,LOGTYPE,RELATEDTABLE,RELATEDID,LOGTIME) values ('228','Güncelleme','URUNLER','5',to_timestamp('28/12/2020 15:35:50,000000000','DD/MM/RRRR HH24:MI:SSXFF'));
Insert into SYSTEM.ISLEMLER (LOGID,LOGTYPE,RELATEDTABLE,RELATEDID,LOGTIME) values ('229','Ekleme','SATIS','103',to_timestamp('28/12/2020 15:36:02,000000000','DD/MM/RRRR HH24:MI:SSXFF'));
Insert into SYSTEM.ISLEMLER (LOGID,LOGTYPE,RELATEDTABLE,RELATEDID,LOGTIME) values ('230','Güncelleme','URUNLER','2',to_timestamp('28/12/2020 15:36:02,000000000','DD/MM/RRRR HH24:MI:SSXFF'));
Insert into SYSTEM.ISLEMLER (LOGID,LOGTYPE,RELATEDTABLE,RELATEDID,LOGTIME) values ('231','Ekleme','SATIS','104',to_timestamp('28/12/2020 15:36:12,000000000','DD/MM/RRRR HH24:MI:SSXFF'));
Insert into SYSTEM.ISLEMLER (LOGID,LOGTYPE,RELATEDTABLE,RELATEDID,LOGTIME) values ('232','Güncelleme','URUNLER','3',to_timestamp('28/12/2020 15:36:12,000000000','DD/MM/RRRR HH24:MI:SSXFF'));
Insert into SYSTEM.ISLEMLER (LOGID,LOGTYPE,RELATEDTABLE,RELATEDID,LOGTIME) values ('233','Ekleme','SATIS','105',to_timestamp('28/12/2020 15:36:18,000000000','DD/MM/RRRR HH24:MI:SSXFF'));
Insert into SYSTEM.ISLEMLER (LOGID,LOGTYPE,RELATEDTABLE,RELATEDID,LOGTIME) values ('234','Güncelleme','URUNLER','7',to_timestamp('28/12/2020 15:36:18,000000000','DD/MM/RRRR HH24:MI:SSXFF'));
Insert into SYSTEM.ISLEMLER (LOGID,LOGTYPE,RELATEDTABLE,RELATEDID,LOGTIME) values ('235','Ekleme','SATIS','106',to_timestamp('28/12/2020 15:36:31,000000000','DD/MM/RRRR HH24:MI:SSXFF'));
Insert into SYSTEM.ISLEMLER (LOGID,LOGTYPE,RELATEDTABLE,RELATEDID,LOGTIME) values ('236','Güncelleme','URUNLER','4',to_timestamp('28/12/2020 15:36:31,000000000','DD/MM/RRRR HH24:MI:SSXFF'));
Insert into SYSTEM.ISLEMLER (LOGID,LOGTYPE,RELATEDTABLE,RELATEDID,LOGTIME) values ('237','Ekleme','SATIS','107',to_timestamp('28/12/2020 15:36:38,000000000','DD/MM/RRRR HH24:MI:SSXFF'));
Insert into SYSTEM.ISLEMLER (LOGID,LOGTYPE,RELATEDTABLE,RELATEDID,LOGTIME) values ('238','Güncelleme','URUNLER','1',to_timestamp('28/12/2020 15:36:38,000000000','DD/MM/RRRR HH24:MI:SSXFF'));
Insert into SYSTEM.ISLEMLER (LOGID,LOGTYPE,RELATEDTABLE,RELATEDID,LOGTIME) values ('239','Ekleme','SATIS','108',to_timestamp('28/12/2020 15:36:45,000000000','DD/MM/RRRR HH24:MI:SSXFF'));
Insert into SYSTEM.ISLEMLER (LOGID,LOGTYPE,RELATEDTABLE,RELATEDID,LOGTIME) values ('240','Güncelleme','URUNLER','2',to_timestamp('28/12/2020 15:36:45,000000000','DD/MM/RRRR HH24:MI:SSXFF'));
Insert into SYSTEM.ISLEMLER (LOGID,LOGTYPE,RELATEDTABLE,RELATEDID,LOGTIME) values ('241','Ekleme','SATIS','109',to_timestamp('28/12/2020 15:36:56,000000000','DD/MM/RRRR HH24:MI:SSXFF'));
Insert into SYSTEM.ISLEMLER (LOGID,LOGTYPE,RELATEDTABLE,RELATEDID,LOGTIME) values ('242','Güncelleme','URUNLER','9',to_timestamp('28/12/2020 15:36:56,000000000','DD/MM/RRRR HH24:MI:SSXFF'));
Insert into SYSTEM.ISLEMLER (LOGID,LOGTYPE,RELATEDTABLE,RELATEDID,LOGTIME) values ('243','Güncelleme','SATIS','101',to_timestamp('28/12/2020 15:38:24,000000000','DD/MM/RRRR HH24:MI:SSXFF'));
Insert into SYSTEM.ISLEMLER (LOGID,LOGTYPE,RELATEDTABLE,RELATEDID,LOGTIME) values ('244','Güncelleme','SATIS','102',to_timestamp('28/12/2020 15:38:24,000000000','DD/MM/RRRR HH24:MI:SSXFF'));
Insert into SYSTEM.ISLEMLER (LOGID,LOGTYPE,RELATEDTABLE,RELATEDID,LOGTIME) values ('245','Güncelleme','SATIS','103',to_timestamp('28/12/2020 15:38:24,000000000','DD/MM/RRRR HH24:MI:SSXFF'));
Insert into SYSTEM.ISLEMLER (LOGID,LOGTYPE,RELATEDTABLE,RELATEDID,LOGTIME) values ('246','Güncelleme','SATIS','104',to_timestamp('28/12/2020 15:38:24,000000000','DD/MM/RRRR HH24:MI:SSXFF'));
Insert into SYSTEM.ISLEMLER (LOGID,LOGTYPE,RELATEDTABLE,RELATEDID,LOGTIME) values ('247','Güncelleme','SATIS','105',to_timestamp('28/12/2020 15:38:24,000000000','DD/MM/RRRR HH24:MI:SSXFF'));
Insert into SYSTEM.ISLEMLER (LOGID,LOGTYPE,RELATEDTABLE,RELATEDID,LOGTIME) values ('248','Güncelleme','SATIS','106',to_timestamp('28/12/2020 15:38:24,000000000','DD/MM/RRRR HH24:MI:SSXFF'));
Insert into SYSTEM.ISLEMLER (LOGID,LOGTYPE,RELATEDTABLE,RELATEDID,LOGTIME) values ('261','Ekleme','SATIS','121',to_timestamp('14/01/2021 14:40:03,000000000','DD/MM/RRRR HH24:MI:SSXFF'));
Insert into SYSTEM.ISLEMLER (LOGID,LOGTYPE,RELATEDTABLE,RELATEDID,LOGTIME) values ('262','Güncelleme','URUNLER','2',to_timestamp('14/01/2021 14:40:03,000000000','DD/MM/RRRR HH24:MI:SSXFF'));
Insert into SYSTEM.ISLEMLER (LOGID,LOGTYPE,RELATEDTABLE,RELATEDID,LOGTIME) values ('263','Ekleme','SATIS','122',to_timestamp('14/01/2021 14:41:46,000000000','DD/MM/RRRR HH24:MI:SSXFF'));
Insert into SYSTEM.ISLEMLER (LOGID,LOGTYPE,RELATEDTABLE,RELATEDID,LOGTIME) values ('264','Güncelleme','URUNLER','5',to_timestamp('14/01/2021 14:41:46,000000000','DD/MM/RRRR HH24:MI:SSXFF'));
Insert into SYSTEM.ISLEMLER (LOGID,LOGTYPE,RELATEDTABLE,RELATEDID,LOGTIME) values ('265','Ekleme','SATIS','123',to_timestamp('14/01/2021 14:41:55,000000000','DD/MM/RRRR HH24:MI:SSXFF'));
Insert into SYSTEM.ISLEMLER (LOGID,LOGTYPE,RELATEDTABLE,RELATEDID,LOGTIME) values ('266','Güncelleme','URUNLER','3',to_timestamp('14/01/2021 14:41:55,000000000','DD/MM/RRRR HH24:MI:SSXFF'));
Insert into SYSTEM.ISLEMLER (LOGID,LOGTYPE,RELATEDTABLE,RELATEDID,LOGTIME) values ('267','Ekleme','MUSTERI','161',to_timestamp('14/01/2021 15:00:29,000000000','DD/MM/RRRR HH24:MI:SSXFF'));
Insert into SYSTEM.ISLEMLER (LOGID,LOGTYPE,RELATEDTABLE,RELATEDID,LOGTIME) values ('268','Ekleme','MUSTERI','162',to_timestamp('14/01/2021 15:05:27,000000000','DD/MM/RRRR HH24:MI:SSXFF'));
Insert into SYSTEM.ISLEMLER (LOGID,LOGTYPE,RELATEDTABLE,RELATEDID,LOGTIME) values ('269','Ekleme','SATIS','141',to_timestamp('14/01/2021 15:06:07,000000000','DD/MM/RRRR HH24:MI:SSXFF'));
Insert into SYSTEM.ISLEMLER (LOGID,LOGTYPE,RELATEDTABLE,RELATEDID,LOGTIME) values ('270','Güncelleme','URUNLER','2',to_timestamp('14/01/2021 15:06:07,000000000','DD/MM/RRRR HH24:MI:SSXFF'));
Insert into SYSTEM.ISLEMLER (LOGID,LOGTYPE,RELATEDTABLE,RELATEDID,LOGTIME) values ('271','Ekleme','SATIS','142',to_timestamp('14/01/2021 15:06:07,000000000','DD/MM/RRRR HH24:MI:SSXFF'));
Insert into SYSTEM.ISLEMLER (LOGID,LOGTYPE,RELATEDTABLE,RELATEDID,LOGTIME) values ('272','Güncelleme','URUNLER','5',to_timestamp('14/01/2021 15:06:07,000000000','DD/MM/RRRR HH24:MI:SSXFF'));
Insert into SYSTEM.ISLEMLER (LOGID,LOGTYPE,RELATEDTABLE,RELATEDID,LOGTIME) values ('273','Ekleme','SATIS','143',to_timestamp('14/01/2021 15:06:07,000000000','DD/MM/RRRR HH24:MI:SSXFF'));
Insert into SYSTEM.ISLEMLER (LOGID,LOGTYPE,RELATEDTABLE,RELATEDID,LOGTIME) values ('274','Güncelleme','URUNLER','3',to_timestamp('14/01/2021 15:06:07,000000000','DD/MM/RRRR HH24:MI:SSXFF'));
Insert into SYSTEM.ISLEMLER (LOGID,LOGTYPE,RELATEDTABLE,RELATEDID,LOGTIME) values ('275','Ekleme','MUSTERI','163',to_timestamp('14/01/2021 15:10:40,000000000','DD/MM/RRRR HH24:MI:SSXFF'));
Insert into SYSTEM.ISLEMLER (LOGID,LOGTYPE,RELATEDTABLE,RELATEDID,LOGTIME) values ('276','Ekleme','SATIS','144',to_timestamp('14/01/2021 15:11:12,000000000','DD/MM/RRRR HH24:MI:SSXFF'));
Insert into SYSTEM.ISLEMLER (LOGID,LOGTYPE,RELATEDTABLE,RELATEDID,LOGTIME) values ('277','Güncelleme','URUNLER','1',to_timestamp('14/01/2021 15:11:12,000000000','DD/MM/RRRR HH24:MI:SSXFF'));
Insert into SYSTEM.ISLEMLER (LOGID,LOGTYPE,RELATEDTABLE,RELATEDID,LOGTIME) values ('278','Ekleme','SATIS','145',to_timestamp('14/01/2021 15:11:12,000000000','DD/MM/RRRR HH24:MI:SSXFF'));
Insert into SYSTEM.ISLEMLER (LOGID,LOGTYPE,RELATEDTABLE,RELATEDID,LOGTIME) values ('279','Güncelleme','URUNLER','8',to_timestamp('14/01/2021 15:11:12,000000000','DD/MM/RRRR HH24:MI:SSXFF'));
Insert into SYSTEM.ISLEMLER (LOGID,LOGTYPE,RELATEDTABLE,RELATEDID,LOGTIME) values ('280','Güncelleme','URUNLER','8',to_timestamp('14/01/2021 15:11:42,000000000','DD/MM/RRRR HH24:MI:SSXFF'));
Insert into SYSTEM.ISLEMLER (LOGID,LOGTYPE,RELATEDTABLE,RELATEDID,LOGTIME) values ('281','Güncelleme','URUNLER','1',to_timestamp('14/01/2021 15:12:36,000000000','DD/MM/RRRR HH24:MI:SSXFF'));
Insert into SYSTEM.ISLEMLER (LOGID,LOGTYPE,RELATEDTABLE,RELATEDID,LOGTIME) values ('282','Silme','SATIS','144',to_timestamp('14/01/2021 15:12:36,000000000','DD/MM/RRRR HH24:MI:SSXFF'));
Insert into SYSTEM.ISLEMLER (LOGID,LOGTYPE,RELATEDTABLE,RELATEDID,LOGTIME) values ('283','Silme','SATIS','145',to_timestamp('14/01/2021 15:12:56,000000000','DD/MM/RRRR HH24:MI:SSXFF'));
Insert into SYSTEM.ISLEMLER (LOGID,LOGTYPE,RELATEDTABLE,RELATEDID,LOGTIME) values ('284','Ekleme','SATIS','161',to_timestamp('14/01/2021 15:42:17,000000000','DD/MM/RRRR HH24:MI:SSXFF'));
Insert into SYSTEM.ISLEMLER (LOGID,LOGTYPE,RELATEDTABLE,RELATEDID,LOGTIME) values ('285','Güncelleme','URUNLER','1',to_timestamp('14/01/2021 15:42:17,000000000','DD/MM/RRRR HH24:MI:SSXFF'));
Insert into SYSTEM.ISLEMLER (LOGID,LOGTYPE,RELATEDTABLE,RELATEDID,LOGTIME) values ('286','Ekleme','SATIS','162',to_timestamp('14/01/2021 15:42:17,000000000','DD/MM/RRRR HH24:MI:SSXFF'));
Insert into SYSTEM.ISLEMLER (LOGID,LOGTYPE,RELATEDTABLE,RELATEDID,LOGTIME) values ('287','Güncelleme','URUNLER','2',to_timestamp('14/01/2021 15:42:17,000000000','DD/MM/RRRR HH24:MI:SSXFF'));
Insert into SYSTEM.ISLEMLER (LOGID,LOGTYPE,RELATEDTABLE,RELATEDID,LOGTIME) values ('288','Silme','SATIS','162',to_timestamp('14/01/2021 15:43:35,000000000','DD/MM/RRRR HH24:MI:SSXFF'));
Insert into SYSTEM.ISLEMLER (LOGID,LOGTYPE,RELATEDTABLE,RELATEDID,LOGTIME) values ('289','Güncelleme','URUNLER','3',to_timestamp('14/01/2021 15:43:55,000000000','DD/MM/RRRR HH24:MI:SSXFF'));
Insert into SYSTEM.ISLEMLER (LOGID,LOGTYPE,RELATEDTABLE,RELATEDID,LOGTIME) values ('290','Silme','SATIS','123',to_timestamp('14/01/2021 15:43:55,000000000','DD/MM/RRRR HH24:MI:SSXFF'));
Insert into SYSTEM.ISLEMLER (LOGID,LOGTYPE,RELATEDTABLE,RELATEDID,LOGTIME) values ('291','Ekleme','MUSTERI','181',to_timestamp('14/01/2021 15:49:17,000000000','DD/MM/RRRR HH24:MI:SSXFF'));
Insert into SYSTEM.ISLEMLER (LOGID,LOGTYPE,RELATEDTABLE,RELATEDID,LOGTIME) values ('292','Ekleme','SATIS','163',to_timestamp('14/01/2021 15:49:29,000000000','DD/MM/RRRR HH24:MI:SSXFF'));
Insert into SYSTEM.ISLEMLER (LOGID,LOGTYPE,RELATEDTABLE,RELATEDID,LOGTIME) values ('293','Güncelleme','URUNLER','5',to_timestamp('14/01/2021 15:49:29,000000000','DD/MM/RRRR HH24:MI:SSXFF'));
Insert into SYSTEM.ISLEMLER (LOGID,LOGTYPE,RELATEDTABLE,RELATEDID,LOGTIME) values ('294','Ekleme','SATIS','164',to_timestamp('14/01/2021 15:49:29,000000000','DD/MM/RRRR HH24:MI:SSXFF'));
Insert into SYSTEM.ISLEMLER (LOGID,LOGTYPE,RELATEDTABLE,RELATEDID,LOGTIME) values ('295','Güncelleme','URUNLER','4',to_timestamp('14/01/2021 15:49:29,000000000','DD/MM/RRRR HH24:MI:SSXFF'));
Insert into SYSTEM.ISLEMLER (LOGID,LOGTYPE,RELATEDTABLE,RELATEDID,LOGTIME) values ('296','Ekleme','MUSTERI','182',to_timestamp('14/01/2021 15:52:29,000000000','DD/MM/RRRR HH24:MI:SSXFF'));
Insert into SYSTEM.ISLEMLER (LOGID,LOGTYPE,RELATEDTABLE,RELATEDID,LOGTIME) values ('297','Ekleme','SATIS','165',to_timestamp('14/01/2021 15:52:44,000000000','DD/MM/RRRR HH24:MI:SSXFF'));
Insert into SYSTEM.ISLEMLER (LOGID,LOGTYPE,RELATEDTABLE,RELATEDID,LOGTIME) values ('298','Güncelleme','URUNLER','5',to_timestamp('14/01/2021 15:52:44,000000000','DD/MM/RRRR HH24:MI:SSXFF'));
Insert into SYSTEM.ISLEMLER (LOGID,LOGTYPE,RELATEDTABLE,RELATEDID,LOGTIME) values ('299','Güncelleme','URUNLER','1',to_timestamp('14/01/2021 15:53:30,000000000','DD/MM/RRRR HH24:MI:SSXFF'));
Insert into SYSTEM.ISLEMLER (LOGID,LOGTYPE,RELATEDTABLE,RELATEDID,LOGTIME) values ('300','Güncelleme','URUNLER','1',to_timestamp('14/01/2021 15:54:17,000000000','DD/MM/RRRR HH24:MI:SSXFF'));
Insert into SYSTEM.ISLEMLER (LOGID,LOGTYPE,RELATEDTABLE,RELATEDID,LOGTIME) values ('301','Güncelleme','SATIS','161',to_timestamp('14/01/2021 15:54:17,000000000','DD/MM/RRRR HH24:MI:SSXFF'));
Insert into SYSTEM.ISLEMLER (LOGID,LOGTYPE,RELATEDTABLE,RELATEDID,LOGTIME) values ('302','Ekleme','MUSTERI','183',to_timestamp('14/01/2021 16:03:40,000000000','DD/MM/RRRR HH24:MI:SSXFF'));
Insert into SYSTEM.ISLEMLER (LOGID,LOGTYPE,RELATEDTABLE,RELATEDID,LOGTIME) values ('303','Ekleme','SATIS','166',to_timestamp('14/01/2021 16:03:57,000000000','DD/MM/RRRR HH24:MI:SSXFF'));
Insert into SYSTEM.ISLEMLER (LOGID,LOGTYPE,RELATEDTABLE,RELATEDID,LOGTIME) values ('304','Güncelleme','URUNLER','2',to_timestamp('14/01/2021 16:03:57,000000000','DD/MM/RRRR HH24:MI:SSXFF'));
Insert into SYSTEM.ISLEMLER (LOGID,LOGTYPE,RELATEDTABLE,RELATEDID,LOGTIME) values ('305','Güncelleme','URUNLER','2',to_timestamp('14/01/2021 16:04:42,000000000','DD/MM/RRRR HH24:MI:SSXFF'));
Insert into SYSTEM.ISLEMLER (LOGID,LOGTYPE,RELATEDTABLE,RELATEDID,LOGTIME) values ('306','Güncelleme','URUNLER','2',to_timestamp('14/01/2021 16:05:16,000000000','DD/MM/RRRR HH24:MI:SSXFF'));
Insert into SYSTEM.ISLEMLER (LOGID,LOGTYPE,RELATEDTABLE,RELATEDID,LOGTIME) values ('307','Güncelleme','SATIS','166',to_timestamp('14/01/2021 16:05:16,000000000','DD/MM/RRRR HH24:MI:SSXFF'));
Insert into SYSTEM.ISLEMLER (LOGID,LOGTYPE,RELATEDTABLE,RELATEDID,LOGTIME) values ('308','Güncelleme','URUNLER','1',to_timestamp('14/01/2021 16:08:10,000000000','DD/MM/RRRR HH24:MI:SSXFF'));
Insert into SYSTEM.ISLEMLER (LOGID,LOGTYPE,RELATEDTABLE,RELATEDID,LOGTIME) values ('309','Ekleme','SATIS','167',to_timestamp('14/01/2021 16:11:16,000000000','DD/MM/RRRR HH24:MI:SSXFF'));
Insert into SYSTEM.ISLEMLER (LOGID,LOGTYPE,RELATEDTABLE,RELATEDID,LOGTIME) values ('310','Güncelleme','URUNLER','6',to_timestamp('14/01/2021 16:11:16,000000000','DD/MM/RRRR HH24:MI:SSXFF'));
Insert into SYSTEM.ISLEMLER (LOGID,LOGTYPE,RELATEDTABLE,RELATEDID,LOGTIME) values ('311','Güncelleme','URUNLER','6',to_timestamp('14/01/2021 16:11:38,000000000','DD/MM/RRRR HH24:MI:SSXFF'));
Insert into SYSTEM.ISLEMLER (LOGID,LOGTYPE,RELATEDTABLE,RELATEDID,LOGTIME) values ('312','Güncelleme','URUNLER','6',to_timestamp('14/01/2021 16:12:31,000000000','DD/MM/RRRR HH24:MI:SSXFF'));
Insert into SYSTEM.ISLEMLER (LOGID,LOGTYPE,RELATEDTABLE,RELATEDID,LOGTIME) values ('313','Güncelleme','SATIS','167',to_timestamp('14/01/2021 16:12:31,000000000','DD/MM/RRRR HH24:MI:SSXFF'));
Insert into SYSTEM.ISLEMLER (LOGID,LOGTYPE,RELATEDTABLE,RELATEDID,LOGTIME) values ('314','Ekleme','SATIS','168',to_timestamp('14/01/2021 16:23:08,000000000','DD/MM/RRRR HH24:MI:SSXFF'));
Insert into SYSTEM.ISLEMLER (LOGID,LOGTYPE,RELATEDTABLE,RELATEDID,LOGTIME) values ('315','Güncelleme','URUNLER','1',to_timestamp('14/01/2021 16:23:08,000000000','DD/MM/RRRR HH24:MI:SSXFF'));
Insert into SYSTEM.ISLEMLER (LOGID,LOGTYPE,RELATEDTABLE,RELATEDID,LOGTIME) values ('316','Güncelleme','URUNLER','1',to_timestamp('14/01/2021 16:23:23,000000000','DD/MM/RRRR HH24:MI:SSXFF'));
Insert into SYSTEM.ISLEMLER (LOGID,LOGTYPE,RELATEDTABLE,RELATEDID,LOGTIME) values ('317','Ekleme','SATIS','169',to_timestamp('14/01/2021 16:40:02,000000000','DD/MM/RRRR HH24:MI:SSXFF'));
Insert into SYSTEM.ISLEMLER (LOGID,LOGTYPE,RELATEDTABLE,RELATEDID,LOGTIME) values ('318','Güncelleme','URUNLER','4',to_timestamp('14/01/2021 16:40:02,000000000','DD/MM/RRRR HH24:MI:SSXFF'));
Insert into SYSTEM.ISLEMLER (LOGID,LOGTYPE,RELATEDTABLE,RELATEDID,LOGTIME) values ('319','Ekleme','SATIS','170',to_timestamp('14/01/2021 16:40:02,000000000','DD/MM/RRRR HH24:MI:SSXFF'));
Insert into SYSTEM.ISLEMLER (LOGID,LOGTYPE,RELATEDTABLE,RELATEDID,LOGTIME) values ('320','Güncelleme','URUNLER','1',to_timestamp('14/01/2021 16:40:02,000000000','DD/MM/RRRR HH24:MI:SSXFF'));
Insert into SYSTEM.ISLEMLER (LOGID,LOGTYPE,RELATEDTABLE,RELATEDID,LOGTIME) values ('321','Güncelleme','URUNLER','1',to_timestamp('14/01/2021 16:40:17,000000000','DD/MM/RRRR HH24:MI:SSXFF'));
Insert into SYSTEM.ISLEMLER (LOGID,LOGTYPE,RELATEDTABLE,RELATEDID,LOGTIME) values ('322','Silme','SATIS','170',to_timestamp('14/01/2021 16:40:57,000000000','DD/MM/RRRR HH24:MI:SSXFF'));
Insert into SYSTEM.ISLEMLER (LOGID,LOGTYPE,RELATEDTABLE,RELATEDID,LOGTIME) values ('323','Güncelleme','URUNLER','1',to_timestamp('14/01/2021 16:41:08,000000000','DD/MM/RRRR HH24:MI:SSXFF'));
Insert into SYSTEM.ISLEMLER (LOGID,LOGTYPE,RELATEDTABLE,RELATEDID,LOGTIME) values ('324','Güncelleme','SATIS','161',to_timestamp('14/01/2021 16:41:08,000000000','DD/MM/RRRR HH24:MI:SSXFF'));
REM INSERTING into SYSTEM.KATEGORI
SET DEFINE OFF;
Insert into SYSTEM.KATEGORI (KATEGORIID,KATEGORIADI) values ('1','CEKET');
Insert into SYSTEM.KATEGORI (KATEGORIID,KATEGORIADI) values ('2','PANTOLON');
Insert into SYSTEM.KATEGORI (KATEGORIID,KATEGORIADI) values ('42','mont');
Insert into SYSTEM.KATEGORI (KATEGORIID,KATEGORIADI) values ('43','ayakkabý');
Insert into SYSTEM.KATEGORI (KATEGORIID,KATEGORIADI) values ('41','kazak');
Insert into SYSTEM.KATEGORI (KATEGORIID,KATEGORIADI) values ('81','parka');
Insert into SYSTEM.KATEGORI (KATEGORIID,KATEGORIADI) values ('82','çorap');
Insert into SYSTEM.KATEGORI (KATEGORIID,KATEGORIADI) values ('84','gömlek');
REM INSERTING into SYSTEM.KUSURLUURUNLER
SET DEFINE OFF;
Insert into SYSTEM.KUSURLUURUNLER (BARKODNO,URUNADI,URUNGELISFIYATI,URUNSATISFIYATI,KATEGORIID,RENK,BEDEN,KUSURLUURUNSAYISI) values ('8','kaz tüyü','300','1000','42','kýrmýzý','50','2');
Insert into SYSTEM.KUSURLUURUNLER (BARKODNO,URUNADI,URUNGELISFIYATI,URUNSATISFIYATI,KATEGORIID,RENK,BEDEN,KUSURLUURUNSAYISI) values ('1','Siyah Ceket','100','200','1','Siyah','S','15');
Insert into SYSTEM.KUSURLUURUNLER (BARKODNO,URUNADI,URUNGELISFIYATI,URUNSATISFIYATI,KATEGORIID,RENK,BEDEN,KUSURLUURUNSAYISI) values ('2','pantolon','50','120','1','mavi','m','35');
Insert into SYSTEM.KUSURLUURUNLER (BARKODNO,URUNADI,URUNGELISFIYATI,URUNSATISFIYATI,KATEGORIID,RENK,BEDEN,KUSURLUURUNSAYISI) values ('6','blue jeans','45','100','2','mavi','W 28 : L 30','1');
REM INSERTING into SYSTEM.MUSTERI
SET DEFINE OFF;
Insert into SYSTEM.MUSTERI (ID,AD,SOYAD,TELEFON,ADRES) values ('43','mehmet','aslan','234724','antalya');
Insert into SYSTEM.MUSTERI (ID,AD,SOYAD,TELEFON,ADRES) values ('21','hikmet','küçük','3125859648','Ankara');
Insert into SYSTEM.MUSTERI (ID,AD,SOYAD,TELEFON,ADRES) values ('45','hasan','nesimi','1754952645','ankara');
Insert into SYSTEM.MUSTERI (ID,AD,SOYAD,TELEFON,ADRES) values ('44','osman','ali','1237467283','kayseri');
Insert into SYSTEM.MUSTERI (ID,AD,SOYAD,TELEFON,ADRES) values ('46','yýldýrým','bayezid','8764569013','osmanlý');
Insert into SYSTEM.MUSTERI (ID,AD,SOYAD,TELEFON,ADRES) values ('61','ipek','öztürk','7849584965','muðla');
Insert into SYSTEM.MUSTERI (ID,AD,SOYAD,TELEFON,ADRES) values ('62','leyla','türkmen','784958496','ankara');
Insert into SYSTEM.MUSTERI (ID,AD,SOYAD,TELEFON,ADRES) values ('81','furkan','ceylan','5456792819','istanbul');
Insert into SYSTEM.MUSTERI (ID,AD,SOYAD,TELEFON,ADRES) values ('82','bünyamin','yerleþ','5781964896','entep');
Insert into SYSTEM.MUSTERI (ID,AD,SOYAD,TELEFON,ADRES) values ('141','serkan','ceylan','5325481674','izmir');
Insert into SYSTEM.MUSTERI (ID,AD,SOYAD,TELEFON,ADRES) values ('121','ali','osma','11121','istanbul');
Insert into SYSTEM.MUSTERI (ID,AD,SOYAD,TELEFON,ADRES) values ('142','mustafa','aslan','5467134354','eskiþehir');
Insert into SYSTEM.MUSTERI (ID,AD,SOYAD,TELEFON,ADRES) values ('161','ahmet','mehmet','123456789','ankara');
Insert into SYSTEM.MUSTERI (ID,AD,SOYAD,TELEFON,ADRES) values ('162','Mehmet','Veli','512345678','Ankara');
Insert into SYSTEM.MUSTERI (ID,AD,SOYAD,TELEFON,ADRES) values ('163','deniz','derya','1234567890','ankara');
Insert into SYSTEM.MUSTERI (ID,AD,SOYAD,TELEFON,ADRES) values ('181','ali','osman','45435','istanbul');
Insert into SYSTEM.MUSTERI (ID,AD,SOYAD,TELEFON,ADRES) values ('182','osman','yýlmaz','67596','istanbul');
Insert into SYSTEM.MUSTERI (ID,AD,SOYAD,TELEFON,ADRES) values ('183','mustafa','korkmaz','58756','ankara');
REM INSERTING into SYSTEM.PERSONEL
SET DEFINE OFF;
Insert into SYSTEM.PERSONEL (ID,ADI,SOYADI,TELEFON,ADRES,MAAS,KULLANICIADI,SIFRE) values ('1','YASÝN','KURU','518647543','KASTAMONU','101','feridun','1');
Insert into SYSTEM.PERSONEL (ID,ADI,SOYADI,TELEFON,ADRES,MAAS,KULLANICIADI,SIFRE) values ('21','hikmet','gariban','51864754','eskiþehir','500','gariban','1');
Insert into SYSTEM.PERSONEL (ID,ADI,SOYADI,TELEFON,ADRES,MAAS,KULLANICIADI,SIFRE) values ('41','furkan','ceylan','5456780947','istanbul','800','kangal','1');
REM INSERTING into SYSTEM.SATIS
SET DEFINE OFF;
Insert into SYSTEM.SATIS (SATISID,MUSTERIID,BARKODNO,PERSONELID,TARIH,NETKAR,ADET) values ('101','45','1','1',to_date('28/12/2020','DD/MM/RRRR'),'300','3');
Insert into SYSTEM.SATIS (SATISID,MUSTERIID,BARKODNO,PERSONELID,TARIH,NETKAR,ADET) values ('102','45','5','1',to_date('28/12/2020','DD/MM/RRRR'),'300','1');
Insert into SYSTEM.SATIS (SATISID,MUSTERIID,BARKODNO,PERSONELID,TARIH,NETKAR,ADET) values ('103','45','2','1',to_date('28/12/2020','DD/MM/RRRR'),'140','2');
Insert into SYSTEM.SATIS (SATISID,MUSTERIID,BARKODNO,PERSONELID,TARIH,NETKAR,ADET) values ('104','43','3','21',to_date('28/12/2020','DD/MM/RRRR'),'340','2');
Insert into SYSTEM.SATIS (SATISID,MUSTERIID,BARKODNO,PERSONELID,TARIH,NETKAR,ADET) values ('105','43','7','21',to_date('28/12/2020','DD/MM/RRRR'),'300','2');
Insert into SYSTEM.SATIS (SATISID,MUSTERIID,BARKODNO,PERSONELID,TARIH,NETKAR,ADET) values ('106','43','4','21',to_date('28/12/2020','DD/MM/RRRR'),'160','1');
Insert into SYSTEM.SATIS (SATISID,MUSTERIID,BARKODNO,PERSONELID,TARIH,NETKAR,ADET) values ('107','21','1','41',to_date('28/12/2020','DD/MM/RRRR'),'200','2');
Insert into SYSTEM.SATIS (SATISID,MUSTERIID,BARKODNO,PERSONELID,TARIH,NETKAR,ADET) values ('108','21','2','41',to_date('28/12/2020','DD/MM/RRRR'),'140','2');
Insert into SYSTEM.SATIS (SATISID,MUSTERIID,BARKODNO,PERSONELID,TARIH,NETKAR,ADET) values ('109','21','9','41',to_date('28/12/2020','DD/MM/RRRR'),'3600','2');
Insert into SYSTEM.SATIS (SATISID,MUSTERIID,BARKODNO,PERSONELID,TARIH,NETKAR,ADET) values ('121','46','2','1',to_date('14/01/2021','DD/MM/RRRR'),'140','2');
Insert into SYSTEM.SATIS (SATISID,MUSTERIID,BARKODNO,PERSONELID,TARIH,NETKAR,ADET) values ('122','46','5','1',to_date('14/01/2021','DD/MM/RRRR'),'1200','4');
Insert into SYSTEM.SATIS (SATISID,MUSTERIID,BARKODNO,PERSONELID,TARIH,NETKAR,ADET) values ('164','181','4','1',to_date('14/01/2021','DD/MM/RRRR'),'800','5');
Insert into SYSTEM.SATIS (SATISID,MUSTERIID,BARKODNO,PERSONELID,TARIH,NETKAR,ADET) values ('141','44','2','1',to_date('14/01/2021','DD/MM/RRRR'),'70','1');
Insert into SYSTEM.SATIS (SATISID,MUSTERIID,BARKODNO,PERSONELID,TARIH,NETKAR,ADET) values ('142','44','5','1',to_date('14/01/2021','DD/MM/RRRR'),'300','1');
Insert into SYSTEM.SATIS (SATISID,MUSTERIID,BARKODNO,PERSONELID,TARIH,NETKAR,ADET) values ('143','44','3','1',to_date('14/01/2021','DD/MM/RRRR'),'170','1');
Insert into SYSTEM.SATIS (SATISID,MUSTERIID,BARKODNO,PERSONELID,TARIH,NETKAR,ADET) values ('161','43','1','1',to_date('14/01/2021','DD/MM/RRRR'),'400','1');
Insert into SYSTEM.SATIS (SATISID,MUSTERIID,BARKODNO,PERSONELID,TARIH,NETKAR,ADET) values ('163','181','5','1',to_date('14/01/2021','DD/MM/RRRR'),'900','3');
Insert into SYSTEM.SATIS (SATISID,MUSTERIID,BARKODNO,PERSONELID,TARIH,NETKAR,ADET) values ('165','182','5','1',to_date('14/01/2021','DD/MM/RRRR'),'600','2');
Insert into SYSTEM.SATIS (SATISID,MUSTERIID,BARKODNO,PERSONELID,TARIH,NETKAR,ADET) values ('166','183','2','1',to_date('14/01/2021','DD/MM/RRRR'),'210','1');
Insert into SYSTEM.SATIS (SATISID,MUSTERIID,BARKODNO,PERSONELID,TARIH,NETKAR,ADET) values ('167','61','6','1',to_date('14/01/2021','DD/MM/RRRR'),'110','1');
Insert into SYSTEM.SATIS (SATISID,MUSTERIID,BARKODNO,PERSONELID,TARIH,NETKAR,ADET) values ('168','183','1','1',to_date('14/01/2021','DD/MM/RRRR'),'200','2');
Insert into SYSTEM.SATIS (SATISID,MUSTERIID,BARKODNO,PERSONELID,TARIH,NETKAR,ADET) values ('169','43','4','1',to_date('14/01/2021','DD/MM/RRRR'),'160','1');
REM INSERTING into SYSTEM.URUNLER
SET DEFINE OFF;
Insert into SYSTEM.URUNLER (BARKODNO,URUNADI,URUNGELISFIYATI,URUNSATISFIYATI,KATEGORIID,RENK,BEDEN,STOKSAYISI) values ('1','blazer barneyyy','100','200','1','mavi','56 (XL)','38');
Insert into SYSTEM.URUNLER (BARKODNO,URUNADI,URUNGELISFIYATI,URUNSATISFIYATI,KATEGORIID,RENK,BEDEN,STOKSAYISI) values ('2','micheal black','50','120','2','siyah','W 34 : L 32','80');
Insert into SYSTEM.URUNLER (BARKODNO,URUNADI,URUNGELISFIYATI,URUNSATISFIYATI,KATEGORIID,RENK,BEDEN,STOKSAYISI) values ('5','klasik ceket','200','500','1','siyah','48 (M)','39');
Insert into SYSTEM.URUNLER (BARKODNO,URUNADI,URUNGELISFIYATI,URUNSATISFIYATI,KATEGORIID,RENK,BEDEN,STOKSAYISI) values ('3','haki turuncu gökyüzü','150','320','42','turuncu','48 (M)','27');
Insert into SYSTEM.URUNLER (BARKODNO,URUNADI,URUNGELISFIYATI,URUNSATISFIYATI,KATEGORIID,RENK,BEDEN,STOKSAYISI) values ('4','spor ceket','120','280','1','gri','52 (L)','93');
Insert into SYSTEM.URUNLER (BARKODNO,URUNADI,URUNGELISFIYATI,URUNSATISFIYATI,KATEGORIID,RENK,BEDEN,STOKSAYISI) values ('6','blue jeans','45','100','2','mavi','W 28 : L 30','23');
Insert into SYSTEM.URUNLER (BARKODNO,URUNADI,URUNGELISFIYATI,URUNSATISFIYATI,KATEGORIID,RENK,BEDEN,STOKSAYISI) values ('7','özel dikim','100','250','2','siyah','W 34 : L 34','48');
Insert into SYSTEM.URUNLER (BARKODNO,URUNADI,URUNGELISFIYATI,URUNSATISFIYATI,KATEGORIID,RENK,BEDEN,STOKSAYISI) values ('8','kaz tüyü','300','1000','42','kýrmýzý','50','23');
Insert into SYSTEM.URUNLER (BARKODNO,URUNADI,URUNGELISFIYATI,URUNSATISFIYATI,KATEGORIID,RENK,BEDEN,STOKSAYISI) values ('9','kürk','700','2500','42','sarý','60 (XXL)','3');
REM INSERTING into SYSTEM.YONETICI
SET DEFINE OFF;
Insert into SYSTEM.YONETICI (ID,ADI,SOYADI,TELEFON,ADRES,MAAS,KULLANICIADI,SIFRE) values ('1','Hasan','Nesimi','5399760232','ANKARA','20000','n','1');
Insert into SYSTEM.YONETICI (ID,ADI,SOYADI,TELEFON,ADRES,MAAS,KULLANICIADI,SIFRE) values ('21','Bünyamin','Yerleþ','5459180490','GAZÝANTEP','20000','badem','1');
--------------------------------------------------------
--  DDL for Index SYS_C009392
--------------------------------------------------------

  CREATE UNIQUE INDEX "SYSTEM"."SYS_C009392" ON "SYSTEM"."ISLEMLER" ("LOGID") 
  PCTFREE 10 INITRANS 2 MAXTRANS 255 COMPUTE STATISTICS 
  STORAGE(INITIAL 65536 NEXT 1048576 MINEXTENTS 1 MAXEXTENTS 2147483645
  PCTINCREASE 0 FREELISTS 1 FREELIST GROUPS 1
  BUFFER_POOL DEFAULT FLASH_CACHE DEFAULT CELL_FLASH_CACHE DEFAULT)
  TABLESPACE "SYSTEM" ;
--------------------------------------------------------
--  DDL for Index SYS_C008936
--------------------------------------------------------

  CREATE UNIQUE INDEX "SYSTEM"."SYS_C008936" ON "SYSTEM"."KATEGORI" ("KATEGORIID") 
  PCTFREE 10 INITRANS 2 MAXTRANS 255 COMPUTE STATISTICS 
  STORAGE(INITIAL 65536 NEXT 1048576 MINEXTENTS 1 MAXEXTENTS 2147483645
  PCTINCREASE 0 FREELISTS 1 FREELIST GROUPS 1
  BUFFER_POOL DEFAULT FLASH_CACHE DEFAULT CELL_FLASH_CACHE DEFAULT)
  TABLESPACE "SYSTEM" ;
--------------------------------------------------------
--  DDL for Index SYS_C008939
--------------------------------------------------------

  CREATE UNIQUE INDEX "SYSTEM"."SYS_C008939" ON "SYSTEM"."MUSTERI" ("ID") 
  PCTFREE 10 INITRANS 2 MAXTRANS 255 COMPUTE STATISTICS 
  STORAGE(INITIAL 65536 NEXT 1048576 MINEXTENTS 1 MAXEXTENTS 2147483645
  PCTINCREASE 0 FREELISTS 1 FREELIST GROUPS 1
  BUFFER_POOL DEFAULT FLASH_CACHE DEFAULT CELL_FLASH_CACHE DEFAULT)
  TABLESPACE "SYSTEM" ;
--------------------------------------------------------
--  DDL for Index SYS_C008941
--------------------------------------------------------

  CREATE UNIQUE INDEX "SYSTEM"."SYS_C008941" ON "SYSTEM"."PERSONEL" ("ID") 
  PCTFREE 10 INITRANS 2 MAXTRANS 255 COMPUTE STATISTICS 
  STORAGE(INITIAL 65536 NEXT 1048576 MINEXTENTS 1 MAXEXTENTS 2147483645
  PCTINCREASE 0 FREELISTS 1 FREELIST GROUPS 1
  BUFFER_POOL DEFAULT FLASH_CACHE DEFAULT CELL_FLASH_CACHE DEFAULT)
  TABLESPACE "SYSTEM" ;
--------------------------------------------------------
--  DDL for Index SYS_C008953
--------------------------------------------------------

  CREATE UNIQUE INDEX "SYSTEM"."SYS_C008953" ON "SYSTEM"."SATIS" ("SATISID") 
  PCTFREE 10 INITRANS 2 MAXTRANS 255 COMPUTE STATISTICS 
  STORAGE(INITIAL 65536 NEXT 1048576 MINEXTENTS 1 MAXEXTENTS 2147483645
  PCTINCREASE 0 FREELISTS 1 FREELIST GROUPS 1
  BUFFER_POOL DEFAULT FLASH_CACHE DEFAULT CELL_FLASH_CACHE DEFAULT)
  TABLESPACE "SYSTEM" ;
--------------------------------------------------------
--  DDL for Index SYS_C008950
--------------------------------------------------------

  CREATE UNIQUE INDEX "SYSTEM"."SYS_C008950" ON "SYSTEM"."URUNLER" ("BARKODNO") 
  PCTFREE 10 INITRANS 2 MAXTRANS 255 COMPUTE STATISTICS 
  STORAGE(INITIAL 65536 NEXT 1048576 MINEXTENTS 1 MAXEXTENTS 2147483645
  PCTINCREASE 0 FREELISTS 1 FREELIST GROUPS 1
  BUFFER_POOL DEFAULT FLASH_CACHE DEFAULT CELL_FLASH_CACHE DEFAULT)
  TABLESPACE "SYSTEM" ;
--------------------------------------------------------
--  DDL for Index SYS_C008665
--------------------------------------------------------

  CREATE UNIQUE INDEX "SYSTEM"."SYS_C008665" ON "SYSTEM"."YONETICI" ("ID") 
  PCTFREE 10 INITRANS 2 MAXTRANS 255 COMPUTE STATISTICS 
  STORAGE(INITIAL 65536 NEXT 1048576 MINEXTENTS 1 MAXEXTENTS 2147483645
  PCTINCREASE 0 FREELISTS 1 FREELIST GROUPS 1
  BUFFER_POOL DEFAULT FLASH_CACHE DEFAULT CELL_FLASH_CACHE DEFAULT)
  TABLESPACE "SYSTEM" ;
--------------------------------------------------------
--  DDL for Trigger MUSTERITRG
--------------------------------------------------------

  CREATE OR REPLACE NONEDITIONABLE TRIGGER "SYSTEM"."MUSTERITRG" 
BEFORE DELETE OR INSERT OR UPDATE ON MUSTERI
FOR EACH ROW
BEGIN
IF INSERTING THEN
INSERT INTO ISLEMLER (logType,relatedTable,relatedID) VALUES('Ekleme','MUSTERI',:NEW.id);
ELSIF DELETING THEN
INSERT INTO ISLEMLER (logType,relatedTable,relatedID) VALUES('Silme','MUSTERI',:OLD.id);
ELSIF UPDATING THEN
INSERT INTO ISLEMLER (logType,relatedTable,relatedID) VALUES('Güncelleme','MUSTERI',:OLD.id);
END IF;
END;
/
ALTER TRIGGER "SYSTEM"."MUSTERITRG" ENABLE;
--------------------------------------------------------
--  DDL for Trigger SATISTRG
--------------------------------------------------------

  CREATE OR REPLACE NONEDITIONABLE TRIGGER "SYSTEM"."SATISTRG" 
BEFORE DELETE OR INSERT OR UPDATE ON SATIS
FOR EACH ROW
BEGIN
IF INSERTING THEN
INSERT INTO ISLEMLER (logType,relatedTable,relatedID) VALUES('Ekleme','SATIS',:NEW.satisid);
ELSIF DELETING THEN
INSERT INTO ISLEMLER (logType,relatedTable,relatedID) VALUES('Silme','SATIS',:OLD.satisid);
ELSIF UPDATING THEN
INSERT INTO ISLEMLER (logType,relatedTable,relatedID) VALUES('Güncelleme','SATIS',:OLD.satisid);
END IF;
END;
/
ALTER TRIGGER "SYSTEM"."SATISTRG" ENABLE;
--------------------------------------------------------
--  DDL for Trigger URUNLERTRG
--------------------------------------------------------

  CREATE OR REPLACE NONEDITIONABLE TRIGGER "SYSTEM"."URUNLERTRG" 
BEFORE DELETE OR INSERT OR UPDATE ON URUNLER
FOR EACH ROW
BEGIN
IF INSERTING THEN
INSERT INTO ISLEMLER (logType,relatedTable,relatedID) VALUES('Ekleme','URUNLER',:NEW.barkodno);
ELSIF DELETING THEN
INSERT INTO ISLEMLER (logType,relatedTable,relatedID) VALUES('Silme','URUNLER',:OLD.barkodno);
ELSIF UPDATING THEN
INSERT INTO ISLEMLER (logType,relatedTable,relatedID) VALUES('Güncelleme','URUNLER',:OLD.barkodno);
END IF;
END;
/
ALTER TRIGGER "SYSTEM"."URUNLERTRG" ENABLE;
--------------------------------------------------------
--  DDL for Trigger MUSTERITRG
--------------------------------------------------------

  CREATE OR REPLACE NONEDITIONABLE TRIGGER "SYSTEM"."MUSTERITRG" 
BEFORE DELETE OR INSERT OR UPDATE ON MUSTERI
FOR EACH ROW
BEGIN
IF INSERTING THEN
INSERT INTO ISLEMLER (logType,relatedTable,relatedID) VALUES('Ekleme','MUSTERI',:NEW.id);
ELSIF DELETING THEN
INSERT INTO ISLEMLER (logType,relatedTable,relatedID) VALUES('Silme','MUSTERI',:OLD.id);
ELSIF UPDATING THEN
INSERT INTO ISLEMLER (logType,relatedTable,relatedID) VALUES('Güncelleme','MUSTERI',:OLD.id);
END IF;
END;
/
ALTER TRIGGER "SYSTEM"."MUSTERITRG" ENABLE;
--------------------------------------------------------
--  DDL for Trigger SATISTRG
--------------------------------------------------------

  CREATE OR REPLACE NONEDITIONABLE TRIGGER "SYSTEM"."SATISTRG" 
BEFORE DELETE OR INSERT OR UPDATE ON SATIS
FOR EACH ROW
BEGIN
IF INSERTING THEN
INSERT INTO ISLEMLER (logType,relatedTable,relatedID) VALUES('Ekleme','SATIS',:NEW.satisid);
ELSIF DELETING THEN
INSERT INTO ISLEMLER (logType,relatedTable,relatedID) VALUES('Silme','SATIS',:OLD.satisid);
ELSIF UPDATING THEN
INSERT INTO ISLEMLER (logType,relatedTable,relatedID) VALUES('Güncelleme','SATIS',:OLD.satisid);
END IF;
END;
/
ALTER TRIGGER "SYSTEM"."SATISTRG" ENABLE;
--------------------------------------------------------
--  DDL for Trigger URUNLERTRG
--------------------------------------------------------

  CREATE OR REPLACE NONEDITIONABLE TRIGGER "SYSTEM"."URUNLERTRG" 
BEFORE DELETE OR INSERT OR UPDATE ON URUNLER
FOR EACH ROW
BEGIN
IF INSERTING THEN
INSERT INTO ISLEMLER (logType,relatedTable,relatedID) VALUES('Ekleme','URUNLER',:NEW.barkodno);
ELSIF DELETING THEN
INSERT INTO ISLEMLER (logType,relatedTable,relatedID) VALUES('Silme','URUNLER',:OLD.barkodno);
ELSIF UPDATING THEN
INSERT INTO ISLEMLER (logType,relatedTable,relatedID) VALUES('Güncelleme','URUNLER',:OLD.barkodno);
END IF;
END;
/
ALTER TRIGGER "SYSTEM"."URUNLERTRG" ENABLE;
--------------------------------------------------------
--  DDL for Procedure KATEGORIISLEM
--------------------------------------------------------
set define off;

  CREATE OR REPLACE NONEDITIONABLE PROCEDURE "SYSTEM"."KATEGORIISLEM" 
(islem IN VARCHAR2,
kategoriname IN VARCHAR2,
cevap OUT VARCHAR2)AS

YEDEK varchar2(20);

BEGIN 

IF(islem='ekle') THEN
    SELECT KATEGORIADI INTO YEDEK FROM KATEGORI WHERE KATEGORIADI=kategoriname;
    IF(YEDEK=kategoriname) THEN
    cevap:='Eklemek istediðiniz kategori önceden kaydedilmiþ';
    END IF;
    
ELSIF(islem='sil') THEN
DELETE FROM KATEGORI WHERE KATEGORIADI=kategoriname;
cevap:='Kategori Silindi';

END IF;

EXCEPTION
WHEN no_data_found THEN
IF(islem='ekle') THEN
INSERT INTO KATEGORI (KATEGORIADI) VALUES (kategoriname);
cevap:='Kategori Eklendi';
END IF;

WHEN OTHERS THEN
cevap:='Ýþlem Yapýlamadý';
END;

/
--------------------------------------------------------
--  DDL for Procedure MUSTERIISLEM
--------------------------------------------------------
set define off;

  CREATE OR REPLACE NONEDITIONABLE PROCEDURE "SYSTEM"."MUSTERIISLEM" 
(
islem IN varchar2,
mID IN musterý.ýd%TYPE,
name IN musterý.ad%TYPE,
surname IN musterý.soyad%TYPE,
tel IN musterý.telefon%TYPE,
adress IN musterý.adres%TYPE,
cevap OUT VARCHAR2
)
AS
tel1 musterý.telefon%TYPE;

BEGIN
tel1:=0;
IF (islem='kayit')THEN
    select telefon INTO tel1 from MUSTERI  where telefon=tel;
    IF(tel=tel1)THEN
    cevap:='Numaraya kayýtlý müþteri var';
    END IF;

ELSIF(islem='guncelle')THEN
    UPDATE MUSTERI  SET AD=name, SOYAD=surname, TELEFON=tel, ADRES=adress where ID=mID;
    cevap:='Kayýt Güncellendi';
    
ELSIF(islem='sil')THEN
    DELETE FROM MUSTERI  WHERE ID=mID;
    CEVAP:='Kayýt Silindi';
    
END IF;

EXCEPTION
WHEN no_data_found THEN
    IF(islem='kayit') THEN
    INSERT INTO MUSTERI (AD,SOYAD,TELEFON,ADRES) VALUES(name,surname,tel,adress);
    cevap:='Kayýt Yapýldý'; 
    ELSE
    cevap:='Kayýt Bulunamadý';
    END IF;
    
WHEN OTHERS THEN
CEVAP:='Ýþlem Yapýlamadý';
END;

/
--------------------------------------------------------
--  DDL for Procedure PERSONELISLEM
--------------------------------------------------------
set define off;

  CREATE OR REPLACE NONEDITIONABLE PROCEDURE "SYSTEM"."PERSONELISLEM" 
(
islem IN varchar2,
pID IN personel.ýd%TYPE,
name IN personel.adý%TYPE,
surname IN personel.soyadý%TYPE,
tel IN personel.telefon%TYPE,
adress IN personel.adres%TYPE,
salary IN personel.maas%TYPE,
nickname IN personel.kullanýcýadý%TYPE,
pass IN personel.sýfre%TYPE,
cevap OUT VARCHAR2
)
AS
tel1 personel.telefon%TYPE;
BEGIN
tel1:=0;

IF (islem='kayit')THEN
    select telefon INTO tel1 from PERSONEL  where telefon=tel;
    IF(tel=tel1)THEN
    cevap:='Numaraya kayýtlý personel var';
    END IF;

ELSIF(islem='guncelle')THEN
UPDATE PERSONEL  SET ADI=name, SOYADI=surname, TELEFON=tel, ADRES=adress, MAAS=salary, KULLANICIADI=nickname, SIFRE=pass where ID=pID;
cevap:='Kayýt Güncellendi';

ELSIF(islem='sil')THEN
DELETE FROM PERSONEL  WHERE ID=pID;
cevap:='Kayýt Silindi';
END IF;

EXCEPTION
WHEN no_data_found THEN
    IF(islem='kayit') THEN
    INSERT INTO PERSONEL (ADI,SOYADI,TELEFON,ADRES,MAAS,KULLANICIADI,SIFRE) VALUES(name,surname,tel,adress,salary,nickname,pass);
    cevap:='Kayýt Yapýldý'; 
    ELSE
    cevap:='Kayýt Bulunamadý';
    END IF;
    
WHEN OTHERS THEN
cevap:='Ýþlem Yapýlamadý';
END;

/
--------------------------------------------------------
--  DDL for Procedure URUNISLEM
--------------------------------------------------------
set define off;

  CREATE OR REPLACE NONEDITIONABLE PROCEDURE "SYSTEM"."URUNISLEM" (
islem IN VARCHAR2,
barkod IN NUMBER,
kategoriname IN VARCHAR2,
urunad IN VARCHAR2,
gelisfiyat IN NUMBER,
satisfiyat IN NUMBER,
renkk IN VARCHAR2,
bedenn IN VARCHAR2,
stoksayi IN NUMBER,
cevap OUT VARCHAR2
)AS
yedekbarkod number;
kategorid number;
BEGIN

IF(islem='ekle')THEN
    select barkodno INTO yedekbarkod FROM URUNLER where barkodno=barkod;
    IF(barkod=yedekbarkod)THEN
    cevap:='barkod numarasý zaten kayýtlý';
    END IF;

ELSIF(islem='guncelle')THEN
    select KATEGORIID INTO kategorid FROM KATEGORI WHERE KATEGORIADI=kategoriname;
    UPDATE URUNLER SET barkodno=barkod,URUNADI=urunad,URUNGELISFIYATI=gelisfiyat,URUNSATISFIYATI=satisfiyat,KATEGORIID=kategorid,
    RENK=renkk,BEDEN=bedenn,STOKSAYISI=stoksayi where barkodno=barkod;
    cevap:='ürün güncellendi';

ELSIF(islem='sil')THEN
    IF(barkod!=yedekbarkod)THEN
    cevap:='barkod numarasý bulunamadý';
    ELSE
    DELETE FROM URUNLER WHERE BARKODNO=barkod;
    cevap:='ürün silindi';
    END IF;
END IF;

EXCEPTION
WHEN no_data_found THEN
    IF(islem='ekle') THEN
    select KATEGORIID INTO kategorid FROM KATEGORI WHERE KATEGORIADI=kategoriname;
    INSERT INTO URUNLER (barkodno,URUNADI,URUNGELISFIYATI,URUNSATISFIYATI,KATEGORIID,RENK,BEDEN,STOKSAYISI) VALUES
    (barkod,urunad,gelisfiyat,satisfiyat,kategorid,renkk,bedenn,stoksayi);
    cevap:='Ürün eklendi';
    ELSE
    cevap:='Ürün Bulunamadý';
    END IF;

WHEN OTHERS THEN
CEVAP:='Ýþlem Yapýlamadý';
END;

/
--------------------------------------------------------
--  DDL for Procedure YONETICIGIRIS
--------------------------------------------------------
set define off;

  CREATE OR REPLACE NONEDITIONABLE PROCEDURE "SYSTEM"."YONETICIGIRIS" 
(
NICKNAME IN yonetýcý.kullanýcýadý%TYPE,
PASS IN yonetýcý.sýfre%TYPE,

id OUT yonetýcý.ýd%TYPE,
isim OUT yonetýcý.adý%TYPE,
soyisim OUT yonetýcý.soyadý%TYPE,
CEVAP OUT VARCHAR2)AS

kuladi varchar2(20);
sif varchar2(20);

BEGIN
SELECT y.ýd,adi,soyadi,kullaniciadi,sifre INTO id,isim,soyisim,kuladi,sif FROM YONETICI Y WHERE kullaniciadi=NICKNAME AND sifre=PASS;
IF (NICKNAME=kuladi AND PASS=sif) THEN 
CEVAP:='Bilgiler Doðru';
END IF;
EXCEPTION
WHEN OTHERS THEN
CEVAP:='Bilgiler Yanlýþ';
END;

/
--------------------------------------------------------
--  Constraints for Table ISLEMLER
--------------------------------------------------------

  ALTER TABLE "SYSTEM"."ISLEMLER" MODIFY ("LOGID" NOT NULL ENABLE);
  ALTER TABLE "SYSTEM"."ISLEMLER" MODIFY ("RELATEDID" NOT NULL ENABLE);
  ALTER TABLE "SYSTEM"."ISLEMLER" MODIFY ("LOGTIME" NOT NULL ENABLE);
  ALTER TABLE "SYSTEM"."ISLEMLER" ADD PRIMARY KEY ("LOGID")
  USING INDEX PCTFREE 10 INITRANS 2 MAXTRANS 255 COMPUTE STATISTICS 
  STORAGE(INITIAL 65536 NEXT 1048576 MINEXTENTS 1 MAXEXTENTS 2147483645
  PCTINCREASE 0 FREELISTS 1 FREELIST GROUPS 1
  BUFFER_POOL DEFAULT FLASH_CACHE DEFAULT CELL_FLASH_CACHE DEFAULT)
  TABLESPACE "SYSTEM"  ENABLE;
--------------------------------------------------------
--  Constraints for Table KATEGORI
--------------------------------------------------------

  ALTER TABLE "SYSTEM"."KATEGORI" MODIFY ("KATEGORIID" NOT NULL ENABLE);
  ALTER TABLE "SYSTEM"."KATEGORI" ADD PRIMARY KEY ("KATEGORIID")
  USING INDEX PCTFREE 10 INITRANS 2 MAXTRANS 255 COMPUTE STATISTICS 
  STORAGE(INITIAL 65536 NEXT 1048576 MINEXTENTS 1 MAXEXTENTS 2147483645
  PCTINCREASE 0 FREELISTS 1 FREELIST GROUPS 1
  BUFFER_POOL DEFAULT FLASH_CACHE DEFAULT CELL_FLASH_CACHE DEFAULT)
  TABLESPACE "SYSTEM"  ENABLE;
--------------------------------------------------------
--  Constraints for Table MUSTERI
--------------------------------------------------------

  ALTER TABLE "SYSTEM"."MUSTERI" MODIFY ("ID" NOT NULL ENABLE);
  ALTER TABLE "SYSTEM"."MUSTERI" ADD PRIMARY KEY ("ID")
  USING INDEX PCTFREE 10 INITRANS 2 MAXTRANS 255 COMPUTE STATISTICS 
  STORAGE(INITIAL 65536 NEXT 1048576 MINEXTENTS 1 MAXEXTENTS 2147483645
  PCTINCREASE 0 FREELISTS 1 FREELIST GROUPS 1
  BUFFER_POOL DEFAULT FLASH_CACHE DEFAULT CELL_FLASH_CACHE DEFAULT)
  TABLESPACE "SYSTEM"  ENABLE;
--------------------------------------------------------
--  Constraints for Table PERSONEL
--------------------------------------------------------

  ALTER TABLE "SYSTEM"."PERSONEL" MODIFY ("ID" NOT NULL ENABLE);
  ALTER TABLE "SYSTEM"."PERSONEL" ADD PRIMARY KEY ("ID")
  USING INDEX PCTFREE 10 INITRANS 2 MAXTRANS 255 COMPUTE STATISTICS 
  STORAGE(INITIAL 65536 NEXT 1048576 MINEXTENTS 1 MAXEXTENTS 2147483645
  PCTINCREASE 0 FREELISTS 1 FREELIST GROUPS 1
  BUFFER_POOL DEFAULT FLASH_CACHE DEFAULT CELL_FLASH_CACHE DEFAULT)
  TABLESPACE "SYSTEM"  ENABLE;
--------------------------------------------------------
--  Constraints for Table SATIS
--------------------------------------------------------

  ALTER TABLE "SYSTEM"."SATIS" MODIFY ("SATISID" NOT NULL ENABLE);
  ALTER TABLE "SYSTEM"."SATIS" ADD PRIMARY KEY ("SATISID")
  USING INDEX PCTFREE 10 INITRANS 2 MAXTRANS 255 COMPUTE STATISTICS 
  STORAGE(INITIAL 65536 NEXT 1048576 MINEXTENTS 1 MAXEXTENTS 2147483645
  PCTINCREASE 0 FREELISTS 1 FREELIST GROUPS 1
  BUFFER_POOL DEFAULT FLASH_CACHE DEFAULT CELL_FLASH_CACHE DEFAULT)
  TABLESPACE "SYSTEM"  ENABLE;
--------------------------------------------------------
--  Constraints for Table URUNLER
--------------------------------------------------------

  ALTER TABLE "SYSTEM"."URUNLER" MODIFY ("BARKODNO" NOT NULL ENABLE);
  ALTER TABLE "SYSTEM"."URUNLER" MODIFY ("URUNADI" NOT NULL ENABLE);
  ALTER TABLE "SYSTEM"."URUNLER" MODIFY ("URUNGELISFIYATI" NOT NULL ENABLE);
  ALTER TABLE "SYSTEM"."URUNLER" MODIFY ("URUNSATISFIYATI" NOT NULL ENABLE);
  ALTER TABLE "SYSTEM"."URUNLER" MODIFY ("KATEGORIID" NOT NULL ENABLE);
  ALTER TABLE "SYSTEM"."URUNLER" MODIFY ("RENK" NOT NULL ENABLE);
  ALTER TABLE "SYSTEM"."URUNLER" MODIFY ("BEDEN" NOT NULL ENABLE);
  ALTER TABLE "SYSTEM"."URUNLER" MODIFY ("STOKSAYISI" NOT NULL ENABLE);
  ALTER TABLE "SYSTEM"."URUNLER" ADD PRIMARY KEY ("BARKODNO")
  USING INDEX PCTFREE 10 INITRANS 2 MAXTRANS 255 COMPUTE STATISTICS 
  STORAGE(INITIAL 65536 NEXT 1048576 MINEXTENTS 1 MAXEXTENTS 2147483645
  PCTINCREASE 0 FREELISTS 1 FREELIST GROUPS 1
  BUFFER_POOL DEFAULT FLASH_CACHE DEFAULT CELL_FLASH_CACHE DEFAULT)
  TABLESPACE "SYSTEM"  ENABLE;
--------------------------------------------------------
--  Constraints for Table YONETICI
--------------------------------------------------------

  ALTER TABLE "SYSTEM"."YONETICI" MODIFY ("ID" NOT NULL ENABLE);
  ALTER TABLE "SYSTEM"."YONETICI" ADD PRIMARY KEY ("ID")
  USING INDEX PCTFREE 10 INITRANS 2 MAXTRANS 255 COMPUTE STATISTICS 
  STORAGE(INITIAL 65536 NEXT 1048576 MINEXTENTS 1 MAXEXTENTS 2147483645
  PCTINCREASE 0 FREELISTS 1 FREELIST GROUPS 1
  BUFFER_POOL DEFAULT FLASH_CACHE DEFAULT CELL_FLASH_CACHE DEFAULT)
  TABLESPACE "SYSTEM"  ENABLE;
--------------------------------------------------------
--  Ref Constraints for Table KUSURLUURUNLER
--------------------------------------------------------

  ALTER TABLE "SYSTEM"."KUSURLUURUNLER" ADD CONSTRAINT "KUSURLU_KATEGORI" FOREIGN KEY ("KATEGORIID")
	  REFERENCES "SYSTEM"."KATEGORI" ("KATEGORIID") ENABLE;
--------------------------------------------------------
--  Ref Constraints for Table SATIS
--------------------------------------------------------

  ALTER TABLE "SYSTEM"."SATIS" ADD CONSTRAINT "MUSTERI_SATIS" FOREIGN KEY ("MUSTERIID")
	  REFERENCES "SYSTEM"."MUSTERI" ("ID") ENABLE;
  ALTER TABLE "SYSTEM"."SATIS" ADD CONSTRAINT "URUNLER_SATIS" FOREIGN KEY ("BARKODNO")
	  REFERENCES "SYSTEM"."URUNLER" ("BARKODNO") ENABLE;
  ALTER TABLE "SYSTEM"."SATIS" ADD CONSTRAINT "PERSONEL_SATIS" FOREIGN KEY ("PERSONELID")
	  REFERENCES "SYSTEM"."PERSONEL" ("ID") ENABLE;
--------------------------------------------------------
--  Ref Constraints for Table URUNLER
--------------------------------------------------------

  ALTER TABLE "SYSTEM"."URUNLER" ADD CONSTRAINT "URUNLER_KATEGORI" FOREIGN KEY ("KATEGORIID")
	  REFERENCES "SYSTEM"."KATEGORI" ("KATEGORIID") ENABLE;
